{
    "noise": {
        "sigmas": [
            0.0,
            0.02,
            0.05,
            0.1,
            0.15,
            0.2,
            0.25
        ],
        "accuracies": [
            0.11,
            0.11,
            0.11,
            0.11,
            0.11,
            0.11,
            0.11
        ],
        "rmses": [
            0.16614098846912384,
            0.16614098846912384,
            0.16614098846912384,
            0.16614098846912384,
            0.16614098846912384,
            0.16614098846912384,
            0.16614098846912384
        ]
    },
    "mismatch": {
        "deltas": [
            0.0,
            0.01,
            0.02,
            0.04,
            0.06,
            0.08,
            0.1
        ],
        "accuracies": [
            0.11,
            0.11,
            0.11,
            0.11,
            0.12,
            0.12,
            0.12
        ],
        "rmses": [
            0.16639645397663116,
            0.16614098846912384,
            0.1659722775220871,
            0.16590118408203125,
            0.16619502007961273,
            0.16688580811023712,
            0.16801783442497253
        ]
    },
    "quantization": {
        "bits": [
            2,
            3,
            4,
            5,
            6,
            8,
            12
        ],
        "accuracies": [
            0.11,
            0.11,
            0.11,
            0.11,
            0.11,
            0.11,
            0.11
        ],
        "rmses": [
            0.16639645397663116,
            0.16639645397663116,
            0.16639645397663116,
            0.16639645397663116,
            0.16639645397663116,
            0.16639645397663116,
            0.16639645397663116
        ]
    }
}